Item,Priority,Phase,Owner,Status,Why It Matters,Source
"Start and record the clean 5-trading-day observation window","P0","0","Engineering","Open","The Phase 0 exit gate is evidence-based and cannot be inferred from deployment success.","docs/roadmaps/AUTONOMY-ROADMAP.md"
"Review daily MCP read-sync, order reconciliation, and Postgres parity evidence","P0","0","Engineering","Open","Keeps the read-only migration and financial shadow truthful.","docs/roadmaps/AUTONOMY-ROADMAP.md"
"Confirm Vercel production is dashboard main tip d56911e","P0","0","Engineering","Open","The latest dashboard client/MCP changes may be pushed but not deployed.","2026-07-12 PM Meta-Audit dev log"
"Regenerate FIXLIST from fresh post-deploy evidence","P1","0","Engineering","Open","The current 88-item list is dominated by one log-clustering echo and predates the release.","2026-07-12 PM Meta-Audit dev log"
"Review and land the inert v3 scoring foundation","P1","0/1","Engineering","Ongoing","The four v3 mandates are trusted. The deterministic peer/EDGAR scoring foundation must still be integrated faithfully, remain off by default, and pass promotion gates before runtime activation.","docs/MANDATE-V2-INGESTION.md"
"Encode trusted v3 mandates into runtime configs and tests","P1","1","Engineering","Ongoing","Agent 2, Agent 3, and Agent 4 now have trusted v3 mandates. Their remaining work is faithful runtime encoding, evidence adapters, evaluator/ownership coverage, and Phase 1 proof—not mandate discovery.","docs/roadmaps/AUTONOMY-ROADMAP.md"
"Decide ADR-0002 scoped service identity","P1","1","Sam","Open","Service credentials should be attributable and least-privilege before authority expands.","docs/adr/0002-service-identity.md"
"Sign off permanent unattributed-lot policy","P1","1","Sam","Open","Quarantine is implemented; the durable operating rule needs an owner decision.","docs/roadmaps/AUTONOMY-ROADMAP.md"
"Operate Neon dual-write and daily fail-closed parity","P1","2","Engineering","Ongoing","Neon is actively receiving the financial migration. Clean parity is required to move from the current dual-write/shadow-read posture to Postgres canonical accounting and a read-only Sheets reporting projection.","docs/roadmaps/AUTONOMY-ROADMAP.md"
